EC,RA,MA,MB,CP,K2,L2,MI
280000000000000.12,1941861.2779324562,3.0627683738021937e+32,3.085648044633847e+32,0.0117127876586837,0.006230440722306933,1.7183546170167833e+36,7.343300351442206e+43
284815896722416.1,1887681.0711213888,3.140372030204804e+32,3.1652916481051584e+32,0.01235426172234937,0.0070837103638676764,1.6959260748025338e+36,7.521679096182191e+43
289714625092121.4,1837141.9064059767,3.2215864395107023e+32,3.24868631741972e+32,0.013022411136126486,0.008021993607606847,1.676867887624471e+36,7.713189610135085e+43
294697609782895.6,1790125.52488708,3.306254183336775e+32,3.335676838532395e+32,0.01371567139541888,0.009045406272336708,1.6609192577041465e+36,7.917666905184658e+43
299766299972385.9,1746023.8982769048,3.395169547898564e+32,3.4270868689567834e+32,0.014440279556544368,0.01016536395683222,1.647695169152781e+36,8.137286398932964e+43
304922169763556.56,1704939.0781384204,3.4878304235066615e+32,3.522408855918237e+32,0.015191855268370844,0.011376824162430353,1.637074292908878e+36,8.371094584610151e+43
310166718613400.44,1666536.9044293668,3.584620394731825e+32,3.622045826241419e+32,0.015973222965827327,0.012685137328409117,1.6288191509779938e+36,8.62033286895679e+43
315501471769016.3,1630653.166411073,3.6856054807973866e+32,3.726074999156972e+32,0.016784621986404583,0.014091062127333132,1.622761657099842e+36,8.885477328579935e+43
320927980711194.25,1597153.6482565338,3.790775461967316e+32,3.834495352600684e+32,0.01762567186666192,0.015593469042232976,1.6187480151171358e+36,9.166814582962394e+43
326447823605617.94,1565725.4719732383,3.900770520699131e+32,3.947977798069527e+32,0.018501166122856773,0.01719996701881061,1.6166228617160945e+36,9.46641773319694e+43
332062605761839.9,1536355.0561727635,4.015297903707566e+32,4.0662328499077266e+32,0.01940843403442773,0.018904073909327464,1.6162792372469694e+36,9.783878982802857e+43
337773960100143.3,1508899.5149190906,4.1344869844466695e+32,4.189406280110011e+32,0.02034818268115916,0.020704485895065423,1.617592270685702e+36,1.0119939378360261e+44
343583547626442.44,1483130.1778729905,4.258979387236966e+32,4.318175116132041e+32,0.021325075832421634,0.02260693022181023,1.6204699053979286e+36,1.0476843325638714e+44
349493057915336.2,1459038.3020549305,4.3884350415485625e+32,4.4522033910415224e+32,0.022336097622150785,0.024601635608447716,1.6248020698715988e+36,1.0854080535270008e+44
355504209601484.8,1436509.5673786704,4.523017356257573e+32,4.5916756352504986e+32,0.02338212884225087,0.02668535162452884,1.6304915824301002e+36,1.1252581525398661e+44
361618750879429.4,1415417.0347707453,4.662978835464196e+32,4.736870151011353e+32,0.024464894312420167,0.02885654370585989,1.6374551747389613e+36,1.1673574886518937e+44
367838460012016.56,1395659.7673849594,4.808603198976461e+32,4.8880992301606845e+32,0.025586076822365186,0.031111803421985558,1.6456065216738894e+36,1.2118437849071036e+44
374165145847553.75,1377158.3876128946,4.960015733846909e+32,5.045513420022752e+32,0.026746285763646675,0.03344572021355893,1.6548667396017856e+36,1.2588116955235914e+44
380600648345873.56,1359830.3903133324,5.117438013083651e+32,5.2093656321301964e+32,0.027946805074478977,0.035853316042166926,1.665160348682964e+36,1.3083895604270112e+44
387146839113437.3,1343652.2986785292,5.280540289872404e+32,5.379334691773689e+32,0.029184736660442273,0.03832070438169289,1.6763743142437453e+36,1.360532287509235e+44
393805621947652.06,1328513.3854823965,5.4498541514016226e+32,5.555997324921776e+32,0.030463743018241805,0.040846535713410605,1.6884488896224516e+36,1.4154691869758497e+44
400578933390533.06,1314352.894633722,5.625519103465534e+32,5.739524952151262e+32,0.03178446719285823,0.043422964225850375,1.701305922219588e+36,1.4733120054897701e+44
407468743291905.8,1301121.6509096546,5.807550653939017e+32,5.929960847952829e+32,0.033146633058503065,0.04603993313167462,1.7148542725825413e+36,1.5341329246212074e+44
414477055382284.3,1288738.0548149394,5.9964834762322695e+32,6.1278938312965225e+32,0.034553839067022196,0.04869435884751056,1.7290395745060908e+36,1.5981820335319334e+44
421605907855613.56,1277178.1363608695,6.192081502266138e+32,6.333109064591964e+32,0.03600389665790575,0.05137194205008516,1.743758662673644e+36,1.6654556102174274e+44
428857373962017.4,1266447.1280857923,6.39337342160442e+32,6.544616748584596e+32,0.03748929950271221,0.054049022972820326,1.7588393866825874e+36,1.7356843284630076e+44
436233562610758.9,1256480.7150061186,6.600488236733619e+32,6.76258133145172e+32,0.03901077264061121,0.05671752622388239,1.7741871687914453e+36,1.8089683620443063e+44
443736618983560.7,1247149.37717986,6.815285906598004e+32,6.988995320157051e+32,0.04058167076722475,0.05939060211955677,1.789835494668454e+36,1.8860362407598947e+44
451368725158485.25,1238286.147585587,7.041588873452403e+32,7.227945845160657e+32,0.04222930832704482,0.06210154341343277,1.8059698021772446e+36,1.968382664547341e+44
459132100744527.56,1230042.686445801,7.275395013251936e+32,7.47527114467556e+32,0.04392388165460322,0.06478851208884351,1.8222247417029e+36,2.0546807797587943e+44
467029003527140.25,1222344.0420489898,7.518101462311692e+32,7.732503840832977e+32,0.045675050933315225,0.06745562933319398,1.838605334544287e+36,2.145552311769216e+44
475061730124851.0,1215195.7925650794,7.768784852676095e+32,7.99871798216269e+32,0.04747567574316171,0.07008097485947327,1.8549595242159602e+36,2.2407627885121e+44
483232616657185.1,1208557.1951681736,8.027896353155076e+32,8.274446319926337e+32,0.049328608675493484,0.07265833930289615,1.871218601263257e+36,2.3405893957437733e+44
491544039424056.0,1202405.3714432193,8.295328155808295e+32,8.559623833344216e+32,0.0512326689758754,0.07517590438877722,1.8872794768275985e+36,2.445100229172653e+44
499998415596861.1,1196646.1503832669,8.574541820344957e+32,8.858008062943597e+32,0.05321198900088197,0.07765356448620152,1.9032382316273158e+36,2.5557868190363195e+44
508598203921452.3,1191287.5110526783,8.864956605361427e+32,9.169064419839326e+32,0.05526171299489515,0.08007187327444891,1.9189601251381504e+36,2.6725971516735293e+44
517345905433209.44,1186323.8242999201,9.166271770016406e+32,9.4925581839149e+32,0.057379108334614966,0.0824158535153476,1.9343276457322183e+36,2.7955806482252006e+44
526244064184392.06,1181740.539148209,9.478582874087837e+32,9.828684153983745e+32,0.05956423869306877,0.08467453715384625,1.949245404965742e+36,2.924950480682447e+44
535295267984022.4,1177521.8945088936,9.801977041905154e+32,1.0177633246791621e+33,0.06181715414962042,0.08683758936349531,1.9636122429301206e+36,3.0609182176025126e+44
544502149150481.06,1173652.09738189,1.0136489879445846e+33,1.0539536077754795e+33,0.06413757414056806,0.08889516460926596,1.977324974889849e+36,3.2036794540849073e+44
553867385277060.6,1170107.9568809825,1.048285202938825e+33,1.0915285269549171e+33,0.06653004860782365,0.09084190505020724,1.9903016984164512e+36,3.3537342572577087e+44
563393700010663.9,1166877.8964009488,1.0840779826112304e+33,1.1304688600821846e+33,0.06899211021071225,0.09266717699762003,2.002423883867543e+36,3.511157986185718e+44
573083863843918.1,1163956.4668233746,1.1208864250812724e+33,1.1706324866008311e+33,0.07151369036034672,0.09435684763867691,2.0135393819292743e+36,3.675511018731102e+44
582940694920899.4,1161321.0407083759,1.158738939860856e+33,1.2120604331911498e+33,0.07409648818750889,0.0959068463588645,2.0235507507173435e+36,3.847084651164493e+44
592967059856729.6,1158919.593000845,1.1982177873069122e+33,1.2554040860517044e+33,0.07677976435629544,0.0973324461991926,2.0324842168412707e+36,4.028751530498184e+44
603165874571246.4,1156770.209074472,1.2388786678456048e+33,1.3001917919306724e+33,0.07953274962686553,0.09860927876688626,2.0401226476097046e+36,4.218732243484821e+44
613540105137035.1,1154864.727751334,1.280533987789071e+33,1.346229790978834e+33,0.08234254969316945,0.0997283668176298,2.0463377225427187e+36,4.416339863091613e+44
624092768642033.2,1153177.7471702185,1.3233368589202686e+33,1.393700006840558e+33,0.08521940029183894,0.10069163245183047,2.0510566953489975e+36,4.622480741436288e+44
634826934066985.8,1151692.209836581,1.3673145210047198e+33,1.4426463071480348e+33,0.08816502086712083,0.10149710620919143,2.0541815475426996e+36,4.837489568433508e+44
645745723177966.5,1150388.294249233,1.4126391996831633e+33,1.4932764477656705e+33,0.09119081923667346,0.10214496548404764,2.0556172469857478e+36,5.062434446202325e+44
656852311434277.0,1149256.0679024395,1.4592229639325727e+33,1.5455101485550968e+33,0.09429076688122001,0.10263173077891169,2.055269121316369e+36,5.297126878407829e+44
668149928911944.6,1148279.7534036094,1.507203006776996e+33,1.5995212258450332e+33,0.09747390436213133,0.10295697883852835,2.0530396848853505e+36,5.542512007465217e+44
679641861243121.5,1147453.1163518394,1.556243747918745e+33,1.654951925346784e+33,0.10071797553351933,0.10311861439979911,2.0488720359026455e+36,5.797109629583816e+44
691331450571612.4,1146761.833295708,1.6062527136292244e+33,1.711714255781388e+33,0.1040171528017842,0.10311904985927667,2.0427163797386367e+36,6.060614565926141e+44
703222096524865.8,1146190.0372577491,1.657269386604498e+33,1.7698695074681092e+33,0.1073744115196965,0.10296141875518557,2.03451399546056e+36,6.3333984716980355e+44
715317257202665.0,1145723.6095303083,1.709289853657177e+33,1.8294302351781693e+33,0.11078989988554301,0.10264900422126318,2.0242170132124148e+36,6.615607375950252e+44
727620450182843.2,1145348.8658471543,1.762242408110398e+33,1.890331225755159e+33,0.11425946229916503,0.10218627633547735,2.0117987854128423e+36,6.90700707126366e+44
740135253544266.2,1145053.3214547248,1.8159406817634677e+33,1.952373588638745e+33,0.11777151587015712,0.10157985493181887,1.9972809502029034e+36,7.20669299851754e+44
752865306907439.0,1144822.6533452263,1.8704738114453515e+33,2.0156756518157147e+33,0.12133266460437257,0.10083406131277667,1.9806208634247358e+36,7.515261121928657e+44
765814312492993.9,1144644.3008090067,1.925967411501715e+33,2.0804023945701407e+33,0.12495185325959046,0.09995207435152066,1.961767702444206e+36,7.83355363540829e+44
778986036198402.0,1144507.4006664336,1.982241121078993e+33,2.1463629589348988e+33,0.1286181308098009,0.09894176479930045,1.9407772654278582e+36,8.160659505119994e+44
792384308693172.4,1144400.914051101,2.039172407755077e+33,2.2134311333881135e+33,0.1323244409404378,0.09781137158177651,1.917711825342978e+36,8.495951437578317e+44
806013026532920.0,1144314.016541726,2.0965331107792103e+33,2.2813523479401844e+33,0.13605697968475963,0.0965720393224489,1.8926944461733847e+36,8.83811816928079e+44
819876153292575.5,1144235.423671622,2.154892737108374e+33,2.3508195382006558e+33,0.13985390154394547,0.0952171307163398,1.8654991306707883e+36,9.19062679318226e+44
833977720719106.9,1144157.1834433358,2.2135039567587818e+33,2.4209626432534402e+33,0.14366763043648806,0.09377015696697354,1.836521928501147e+36,9.549028863022633e+44
848321829904032.2,1144069.310173904,2.272161101882818e+33,2.491543430790041e+33,0.14748610376826052,0.09224355447755217,1.8059292225145837e+36,9.911985191753314e+44
862912652476135.0,1143961.6762789201,2.3314746660309892e+33,2.5633096365395268e+33,0.15135038954849192,0.09062767653950488,1.773459358872446e+36,1.02832381177506e+45
877754431814674.8,1143827.7541908366,2.3905897205304102e+33,2.635238893293822e+33,0.15520608183637868,0.08895219133067372,1.7396537581939185e+36,1.0657384727113199e+45
892851484283465.4,1143657.9451376665,2.4498748996445577e+33,2.707785751416137e+33,0.15907871511233637,0.08721303774482692,1.7043751291617474e+36,1.1036619694222904e+45
908208200486197.6,1143444.4624330166,2.509496978302453e+33,2.781167610204197e+33,0.16298060262664238,0.0854108034329333,1.6675973734325336e+36,1.1421947723293113e+45
923829046543314.8,1143181.856541767,2.5690266188301865e+33,2.854867935881455e+33,0.16688511366667197,0.08356389452156014,1.6296648754993304e+36,1.1810504531665605e+45
939718565390884.8,1142866.591339406,2.627954430874372e+33,2.9282577697767646e+33,0.170760182610132,0.08169411344743406,1.5910047223712456e+36,1.2198768165130064e+45
955881378101811.2,1142489.0122333115,2.686852065057005e+33,3.002048513045395e+33,0.1746449536133578,0.07978830002006139,1.5513235637224264e+36,1.2590284624328938e+45
972322185229736.2,1142043.9000931121,2.7456467890515454e+33,3.0761580607622376e+33,0.17853615869079492,0.07785330731777085,1.510755125814859e+36,1.2984428236813327e+45
989045768176094.4,1141530.6033940618,2.803793245906897e+33,3.149900288821406e+33,0.18239912222825796,0.07591162112549968,1.469768984276874e+36,1.3377334477743388e+45
1006056990580661.0,1140939.834498998,2.861770143441775e+33,3.2238827416094375e+33,0.1862671728690177,0.0739511688739235,1.4281103820377808e+36,1.3772008196592847e+45
1023360799736018.0,1140276.852190527,2.9187403440318554e+33,3.29703431325005e+33,0.1900857106507452,0.07200418866682655,1.3864758817768094e+36,1.416251420259028e+45
1040962228026366.9,1139532.2149147352,2.975182507295029e+33,3.369960596127969e+33,0.19388817481306903,0.07005754572652273,1.344593392796956e+36,1.4551825961976436e+45
1058866394391049.2,1138702.0192039039,3.0311020465440586e+33,3.4426667581298574e+33,0.19767638249580607,0.06811396670828042,1.3025357255938167e+36,1.4939738828345662e+45
1077078505813278.9,1137785.5485919,3.08633498749347e+33,3.514936735970754e+33,0.20144058157250905,0.06618182658348756,1.2605028538632494e+36,1.532486534330013e+45
1095603858834456.2,1136776.6364390268,3.1410601817277184e+33,3.587001656690568e+33,0.2051943678005751,0.06425727141488109,1.2184311491709022e+36,1.5708206325199866e+45
1114447841094553.2,1135696.6065077214,3.194090093125161e+33,3.6572820095286143e+33,0.20885705574563887,0.06238421686603577,1.177306075977635e+36,1.6081140600297267e+45
1133615932898949.2,1134522.3318876997,3.246494524154784e+33,3.7271762087762967e+33,0.21250342960702495,0.06052642860115479,1.1363531256014331e+36,1.645085099615196e+45
1153113708812258.5,1133258.3133745152,3.297969869670572e+33,3.796272364652577e+33,0.2161135949840968,0.058696108732730345,1.0958645951428499e+36,1.6814928502537522e+45
1172946839279546.2,1131900.4337257969,3.3486117830377053e+33,3.8646883392350115e+33,0.21969536399984568,0.056891090914328854,1.055816417025524e+36,1.7173773704925314e+45
1193121092275455.5,1130458.6635736313,3.398033986175881e+33,3.931889049980729e+33,0.2232221822378084,0.05512625762210698,1.0165645489275486e+36,1.752438802935315e+45
1213642334981651.0,1128939.3847146165,3.446038318199443e+33,3.9975819238312087e+33,0.2266803088895892,0.053409301556219535,9.783022164652425e+35,1.786506014187855e+45
1234516535493163.5,1127329.4744922991,3.493036987114748e+33,4.062310170419733e+33,0.23010001139157388,0.051725908798109566,9.407310026104552e+35,1.8198426750009576e+45
1255749764554050.8,1125647.1986969986,3.5385198227160255e+33,4.125350283072496e+33,0.2334445050754838,0.05009468279059394,9.042866568416052e+35,1.8520599936834043e+45
1277348197322945.5,1123870.675226657,3.5830793015958533e+33,4.187502968634447e+33,0.23675785601618526,0.048494430381068494,8.68513507271046e+35,1.883549969205578e+45
1299318115168915.2,1122011.8057220317,3.626415284289784e+33,4.2483344089101756e+33,0.2400183399691358,0.04693611735549713,8.336760230793214e+35,1.9140770612290358e+45
1321665907498264.2,1120059.8901488828,3.6687802751788174e+33,4.3081822001145693e+33,0.2432454778113487,0.0454107160004551,7.995904400002837e+35,1.9437962732610752e+45
1344398073612722.8,1118060.321101458,3.709262143704121e+33,4.3657324225550153e+33,0.24636931156080133,0.043951040761035835,7.670052845061255e+35,1.9720490767221113e+45
1367521224599629.5,1115980.1636407305,3.748585718619268e+33,4.421984201423237e+33,0.24944527901087182,0.04253050523994732,7.353361806214096e+35,1.999319175834204e+45
1391042085254571.2,1113828.3605474248,3.786606610625078e+33,4.4767102294438476e+33,0.2524621257873667,0.04115401380070259,7.047037379999256e+35,2.02548697887049e+45
1414967496037143.2,1111597.0908409406,3.82348597939207e+33,4.5301211737649054e+33,0.25543265544364896,0.039815371336197565,6.749798301511184e+35,2.0506447579954137e+45
1439304415060317.8,1109310.6011260462,3.858875551371056e+33,4.581689810689862e+33,0.258328265086227,0.03852693944457148,6.464476251256812e+35,2.074541647563369e+45
1464059920114060.0,1106959.8114794819,3.8929668773404195e+33,4.6316684527624493e+33,0.26116391628402164,0.0372812215992472,6.1894551689993546e+35,2.097292764938287e+45
1489241210723695.5,1104550.5770918613,3.9257204836003666e+33,4.679975904046446e+33,0.2639356683850051,0.036079346775429136,5.925018595658339e+35,2.1188610177212952e+45
1514855610243735.2,1102080.4525487775,3.957213999565212e+33,4.7267017248925943e+33,0.2666493658607985,0.03491789074185023,5.670449880676424e+35,2.139286148684228e+45
1540910567987680.0,1099553.7811942396,3.987435871517002e+33,4.771806320886283e+33,0.26930322419115194,0.033796938572013414,5.4257872593960236e+35,2.158553049293822e+45
1567413661394494.5,1096970.6029233627,4.016425433887345e+33,4.8153251461149595e+33,0.2718998932289133,0.03271459792269019,5.190623766251185e+35,2.1766793497783052e+45
1594372598232279.5,1094346.40535868,4.04406385837485e+33,4.857056020869873e+33,0.27442742264958486,0.03167499607079017,4.965850783716808e+35,2.193588869260173e+45
1621795218839910.8,1091681.6189254296,4.0704010295226923e+33,4.897048832314596e+33,0.27688888299296255,0.03067585773110131,4.750941929681582e+35,2.2093106470969458e+45
1649689498407193.5,1088986.4305174123,4.0953998282830394e+33,4.935222543223698e+33,0.27927892064275467,0.029718324717513015,4.546107299889441e+35,2.2238260288612946e+45
1678063549294276.8,1086259.2393570703,4.119123460475327e+33,4.971646809567323e+33,0.2816019406553585,0.02879967626548798,4.3506890062889116e+35,2.2371736049365448e+45
1706925623390891.2,1083464.37349554,4.141912907325892e+33,5.0068259358781537e+33,0.2838903596922001,0.027906242780569086,4.1617650865422976e+35,2.24954307870673e+45
1736284114516234.5,1080604.1879473745,4.1637580527289455e+33,5.04073198988172e+33,0.2861430204165045,0.02703810648998216,3.9793535220796446e+35,2.2609244600481703e+45
1766147560860090.5,1077728.250082651,4.1843260186585644e+33,5.0728321045789927e+33,0.28832384815391715,0.02620858273854474,3.806211252701781e+35,2.2711541481901098e+45
1796524647465980.2,1074823.525750668,4.20376603042704e+33,5.1033367387872707e+33,0.29044619444875935,0.025411535886794737,3.640992217638415e+35,2.2803188066699954e+45
1827424208756948.0,1071964.7084551933,4.221664565917269e+33,5.131571039366226e+33,0.29246072582128607,0.024664352937327088,3.487186556251201e+35,2.288252095287767e+45
1858855231104863.2,1069098.5548894536,4.238430399044404e+33,5.158149614007373e+33,0.29440937216553353,0.02395010260122321,3.341174114443309e+35,2.2951594473035936e+45
1890826855443868.8,1066174.85297176,4.2543770779875336e+33,5.1835508721064997e+33,0.29632743577039705,0.023255156157967825,3.20010664896874e+35,2.301173446649722e+45
1923348379928827.0,1063204.112797327,4.2694561113531054e+33,5.207686035056359e+33,0.29820864087383553,0.022581387568064198,3.064339515576322e+35,2.3062766337793646e+45
1956429262639410.5,1060173.6285895822,4.2837426216970805e+33,5.230665322152976e+33,0.3000617861311862,0.021925284765467394,2.9331430596589884e+35,2.3104977115629627e+45
1990079124330781.5,1057105.3418438858,4.2971507520936636e+33,5.252341337922462e+33,0.3018746469481377,0.021290834477790118,2.807288445127475e+35,2.313820419481829e+45
2024307751231534.5,1054120.375625969,4.3092277476600043e+33,5.271963514268245e+33,0.30358028011035504,0.02070055007792458,2.6911378469462183e+35,2.3161800281903213e+45
2059125097889810.2,1051112.3999827246,4.3204686343339065e+33,5.290314608983085e+33,0.3052432120179645,0.020131147865518867,2.5799860251322844e+35,2.317715860921153e+45
2094541290068282.0,1048120.0320296716,4.3307640249707435e+33,5.307200269535078e+33,0.30684412809940176,0.019588554816407804,2.4749163274472956e+35,2.3184370717273006e+45
2130566627689013.5,1045113.1769183746,4.340253658143947e+33,5.32283498541285e+33,0.3084012333386057,0.019065997630163756,2.374538246152139e+35,2.318382487121514e+45
2167211587828920.5,1042111.5493682936,4.348906775748407e+33,5.337155249277617e+33,0.30990615862323706,0.018565722463404905,2.2792182649550466e+35,2.3175796085592954e+45
2204486827766803.8,1039073.7126647193,4.356864169874274e+33,5.350382311081944e+33,0.3113809078404335,0.018079958647246732,2.18742030518279e+35,2.3160360624576942e+45
2242403188082701.8,1035998.195365012,4.3641394470957947e+33,5.362531824274047e+33,0.3128267898140279,0.017607977846396047,2.098976106795674e+35,2.3137616905662996e+45
2280971695810640.0,1032976.4340145875,4.3705584234599065e+33,5.373302992464764e+33,0.3142033665958881,0.017162542883899543,2.016214443702872e+35,2.3108627034423785e+45
2320203567645561.5,1029972.0754157514,4.376244997254305e+33,5.382889888993258e+33,0.3155298818506418,0.016736802847679505,1.937772414097517e+35,2.307346628542181e+45
2360110213205417.0,1026926.3193667807,4.3813275348459386e+33,5.391499345794857e+33,0.3168332513410604,0.016321749648568355,1.8619420180165868e+35,2.3031608341280042e+45
2400703238349404.5,1023866.5555551575,4.385771735596984e+33,5.399067176239755e+33,0.3181024288331621,0.015920653350758988,1.7892898112553535e+35,2.2983553277849535e+45
2441994448553191.5,1020885.5019909998,4.3894867962540815e+33,5.405429365382789e+33,0.31930155129630206,0.015544407410019955,1.721719383877457e+35,2.293116924374068e+45
2483995852342272.0,1017902.8967397468,4.392612429978827e+33,5.410814477254184e+33,0.3204651839544353,0.01518169238156321,1.6571238045198427e+35,2.2873410942424582e+45
2526719664784379.5,1014937.6068415282,4.3951505397048793e+33,5.415217409664206e+33,0.3215871802831726,0.014834083732749056,1.595733886795987e+35,2.2810853527171437e+45
2570178311041876.5,1011933.3582242714,4.3971610487754355e+33,5.418735218261581e+33,0.3226894578772775,0.014494535953583507,1.5362676876249857e+35,2.2742432872449933e+45
2614384429985345.5,1008891.2576905729,4.398645883892796e+33,5.421367039695919e+33,0.32377175490309784,0.014162975462252,1.4786974157585158e+35,2.2668230713393457e+45
2659350877869281.0,1005967.3032941113,4.399569775709324e+33,5.423043107224108e+33,0.3247810357513749,0.013855369500355721,1.4257403980191865e+35,2.259244560992225e+45
2705090732071001.0,1003069.409446345,4.4000052245597084e+33,5.423884057462528e+33,0.32575157486434814,0.013560862014777752,1.375451381983029e+35,2.2513082362720818e+45
2751617294893925.0,1000115.8671570837,4.399969721754033e+33,5.423917688148022e+33,0.32671094826138586,0.013270867366916104,1.3263370877477269e+35,2.2427969305413768e+45
2798944097436149.5,997182.2391500679,4.399472757754152e+33,5.423152933354112e+33,0.3276350953317275,0.012992514562092756,1.2795843001416726e+35,2.2339393469020616e+45
2847084903525667.5,994304.9107809227,4.398549507835234e+33,5.421645555442206e+33,0.3285142539543835,0.012728519906966182,1.2356026902489288e+35,2.2248730914900803e+45
2896053713723272.5,991452.6493907777,4.3972173514749646e+33,5.419423341767553e+33,0.3293595595338607,0.012475301192285244,1.1937515407855914e+35,2.2155255134254155e+45
2945864769394203.0,988617.9263613004,4.395490265640821e+33,5.416506350359722e+33,0.3301742190144193,0.01223170228953087,1.1538047569814017e+35,2.2058890476806053e+45
2996532556849940.0,985765.046794954,4.3933561539843286e+33,5.412870981414136e+33,0.3309689973780617,0.011994355700635997,1.11518524789893e+35,2.1958533895855562e+45
3048071811561177.5,982917.4292650898,4.390841920255204e+33,5.408562058490008e+33,0.3317378942050061,0.011764937447297457,1.0781466066165256e+35,2.1855127124853692e+45
3100497522443258.0,980118.238995334,4.3880053071210086e+33,5.403676132879548e+33,0.332470403834399,0.011546432404080811,1.0431414192067073e+35,2.1750414965691755e+45
3153824936215377.5,977352.2152609903,4.384853992036954e+33,5.398225016102289e+33,0.3331718902673765,0.01133712980284548,1.0098611029307157e+35,2.164406236394607e+45
3208069561834640.0,974625.0473928141,4.3814130123751347e+33,5.392250767091353e+33,0.3338419766877381,0.011136985553982738,9.782695041249204e+34,2.153645472957752e+45
3263247175006491.0,971867.3218247925,4.377602351641254e+33,5.385612802150288e+33,0.3344980938007026,0.010940677137201078,9.475063241734364e+34,2.142494063988695e+45
3319373822772730.0,969108.2252980074,4.3734661471417537e+33,5.37838589895412e+33,0.33513347315004316,0.010750151509436567,9.178654036988667e+34,2.1310766359576406e+45
3376465828178318.5,966388.7331174037,4.3690804695539104e+33,5.37070238229567e+33,0.33573954955910956,0.010567908411018598,8.897158918667914e+34,2.1195776886223837e+45
3434539795018581.0,963710.0110483342,4.364466171380747e+33,5.362597964141982e+33,0.33631720025988804,0.01039361299457006,8.62981352552038e+34,2.108019826648247e+45
3493612612668000.0,961075.9967038456,4.359647645977968e+33,5.354115550199538e+33,0.33686661873727713,0.01022712565272452,8.376165747251936e+34,2.0964359262460993e+45
3553701460992053.5,958447.4075417117,4.3545644122635636e+33,5.345147039641738e+33,0.33739663724075963,0.010065695495635688,8.131829056022017e+34,2.084664171976469e+45
3614823815343613.0,955833.2213120944,4.3492419604573954e+33,5.335736826033242e+33,0.33790589328121523,0.00990967291116528,7.897196457190225e+34,2.0727536983449987e+45
3676997451645129.5,953263.5903637268,4.343754510060403e+33,5.326015583906343e+33,0.3383892712099436,0.009760581229849645,7.674387521540181e+34,2.0608539823948573e+45
3740240451558378.5,950692.64922522,4.338013942675688e+33,5.31582679937819e+33,0.3388559574351909,0.009615535739078267,7.458941197828542e+34,2.0487622018511117e+45
3804571207743033.5,948121.6445483979,4.3320276078017995e+33,5.305182720738624e+33,0.3393059476150449,0.009474487842138871,7.250685465012941e+34,2.0364904577994945e+45
3870008429205776.5,945636.0517675068,4.3260102819421594e+33,5.29446607773568e+33,0.3397252634299531,0.009341818168407788,7.0559343660197755e+34,2.024460622224807e+45
3936571146741256.5,943161.0807108119,4.319795062361418e+33,5.283379268456207e+33,0.34012737716728814,0.009213247672297526,6.868234590574478e+34,2.0123224215166773e+45
4004278718466787.5,940688.6874766563,4.3133665892121993e+33,5.271894300101818e+33,0.34051383860982604,0.009088242066051532,6.6867103304563095e+34,2.0000421106634285e+45
4073150835452143.5,938231.2749308253,4.30676271342021e+33,5.2600796021518e+33,0.34088301046328795,0.008967299328157294,6.511997302534168e+34,1.987687640160727e+45
4143207527446286.5,935793.1846579475,4.3000026159476495e+33,5.247969156155589e+33,0.3412346777811678,0.008850473947998344,6.344084149319983e+34,1.9752883175197185e+45
4214469168702421.5,933419.4313926732,4.2932245460143334e+33,5.235810748555244e+33,0.34156320811157814,0.008739692822980536,6.185621951585171e+34,1.963084638614457e+45
4286956483903412.0,931069.3861242963,4.286321603320554e+33,5.223413353712772e+33,0.3418747481725785,0.008632858553437942,6.033480009675691e+34,1.9508741720530317e+45
4360690554189003.0,928741.9174404937,4.279299833398472e+33,5.21078779656754e+33,0.342170045366408,0.008529755092205518,5.887281680048245e+34,1.9386599502831266e+45
4435692823286822.0,926403.123695547,4.2720590848013136e+33,5.19775431724197e+33,0.3424534593139504,0.008428810304095383,5.74472641699273e+34,1.9262668974236523e+45
4511985103748647.0,924087.9439447125,4.264711862413761e+33,5.1845156455756894e+33,0.34272099316329735,0.008331449187833764,5.607768653773119e+34,1.9138853864195685e+45
4589589583294122.0,921805.6052715864,4.2572954498298385e+33,5.171139366840526e+33,0.34297207722132866,0.008237912439148724,5.476674274132311e+34,1.901571574744876e+45
4668528831263463.0,919553.7944157603,4.249810889698792e+33,5.157627905656283e+33,0.34320750968572267,0.008147952483371338,5.351027820064975e+34,1.8893200122449226e+45
4748825805181272.0,917319.6755518772,4.2422216300968613e+33,5.1439157288673773e+33,0.3434289982199287,0.00806094527353485,5.229889751630748e+34,1.8770661045257348e+45
4830503857433047.0,915103.1024420944,4.234532453512554e+33,5.1300120910784826e+33,0.343636870868967,0.007976786171222097,5.113062557278149e+34,1.8648139658991313e+45
4913586742056724.0,912937.3959710887,4.2268669612636835e+33,5.1161411332276523e+33,0.34382852131057584,0.007896601736197148,5.00205241075979e+34,1.8527539777460606e+45
4998098621650910.0,910796.5010811973,4.2191408799385016e+33,5.10215014886296e+33,0.3440067713832864,0.007819303318618787,4.895283467797674e+34,1.8407466859704497e+45
5084064074402055.0,908667.2398512744,4.2113106736744765e+33,5.0879614738551487e+33,0.34417294510227403,0.007744328089191931,4.791937163793154e+34,1.8287217358645906e+45
5171508101232290.0,906559.2346892691,4.203415915448765e+33,5.073647165490588e+33,0.34432653787467027,0.007671938755769915,4.692335707174392e+34,1.8167372667135176e+45
5260456133070405.0,904475.4359975408,4.195472893920663e+33,5.0592369268950035e+33,0.3444676646263575,0.007602154945811325,4.596461403231159e+34,1.8048143886497724e+45
5350934038247766.0,902440.324592622,4.187582129131628e+33,5.044914099573892e+33,0.34459515143083486,0.007535678059222438,4.505238831936211e+34,1.7930980803035706e+45
5442968130021557.0,900417.597843679,4.1796083639359183e+33,5.030433440931402e+33,0.34471162766107494,0.007471234759444509,4.416876658419662e+34,1.781383105179993e+45
5536585174227220.0,898405.2755857495,4.1715463400361726e+33,5.015785766178672e+33,0.34481733949042476,0.007408708082802694,4.3311873294123205e+34,1.7696605352048954e+45
5631812397062713.0,896394.3999304025,4.163362053920638e+33,5.000909878844502e+33,0.3449128405217862,0.007347780752118709,4.247710204527932e+34,1.7578806015831053e+45
5728677493006532.0,894430.303543553,4.155245128792526e+33,4.986151476216223e+33,0.34499631957500376,0.007289752177826491,4.168197661771506e+34,1.7463126940178314e+45
5827208632872063.0,892497.4199543225,4.147137899177061e+33,4.971405722172984e+33,0.34506890450171973,0.00723406392073132,4.0918547196672093e+34,1.734869145308951e+45
5927434472000216.0,890588.9265977339,4.1390166078755965e+33,4.9566301284151236e+33,0.345131179702075,0.0071804430924746416,4.018284816969843e+34,1.723512873189891e+45
6029384158593221.0,888692.1201142784,4.130830025229348e+33,4.941732060589603e+33,0.3451837269345421,0.007128484492785641,3.9469068179385014e+34,1.7121703167881655e+45
6133087342191636.0,886816.8406340646,4.122623715448072e+33,4.926794786906722e+33,0.3452264665869138,0.0070784086784786366,3.8780045074394276e+34,1.7009028087710927e+45
6238574182297152.0,884978.3236078842,4.114469336409988e+33,4.911949392671871e+33,0.3452594023997027,0.007030554273694003,3.8120250797082345e+34,1.6898051216379783e+45
6345875357143845.0,883155.1157845106,4.1062752731667664e+33,4.8970290176011553e+33,0.3452831528985437,0.006984302139957475,3.748098372302303e+34,1.678749566782257e+45
6455022072620022.0,881356.9939613855,4.098089079995832e+33,4.882121463864131e+33,0.3452978363329066,0.006939855391645023,3.6864870631266575e+34,1.6677982231442765e+45
6566046071343758.0,879591.1149229474,4.08994752484662e+33,4.8672937352556873e+33,0.34530369050461407,0.006897324823117367,3.627336660090403e+34,1.6569969555468145e+45
6678979641894533.0,877836.629322764,4.081757485525013e+33,4.85237673354596e+33,0.34530098488335553,0.006856165080586005,3.5698730825359583e+34,1.64622002662941e+45
6793855628203401.0,876105.0873320379,4.073575541965099e+33,4.837473985108378e+33,0.34528991191133007,0.006816613654672402,3.514412285093272e+34,1.6355403225253276e+45
6910707439104945.0,874397.1294597372,4.0654078135081655e+33,4.822597026390745e+33,0.3452706895446078,0.006778634871669232,3.4608985966377606e+34,1.624963447519815e+45
7029569058053379.0,872704.87372232,4.057219427831205e+33,4.8076827321547403e+33,0.34524342220693466,0.006742015640413687,3.4090218095272726e+34,1.6144424353347523e+45
7150475053005765.0,871042.1809632661,4.0490806073022003e+33,4.792859829381622e+33,0.3452085580878954,0.006707010460082303,3.359138681094388e+34,1.604065226675621e+45
7273460586475364.0,869407.759105475,4.0409889989493976e+33,4.778123766382166e+33,0.34516636914788534,0.006673550632220048,3.311139940404081e+34,1.5938258093681194e+45
7398561425757610.0,867805.9741144439,4.032969897425912e+33,4.7635212286395044e+33,0.34511724639114116,0.006641663622150917,3.2650743211289928e+34,1.5837530467192992e+45
7525813953332220.0,866210.0538094129,4.024891628651573e+33,4.748812896188182e+33,0.3450605331669013,0.0066107946251538425,3.2201253903718433e+34,1.5736799543497147e+45
7655255177444239.0,864629.7185309542,4.016804485774145e+33,4.734090485037981e+33,0.3449966296758243,0.006581109067128717,3.176529547467051e+34,1.56366875177437e+45
7786922742866781.0,863068.8590938128,4.008730318598218e+33,4.7193943529109244e+33,0.3449258249549431,0.006552651989499225,3.1343490189859665e+34,1.553745059734772e+45
7920854941849205.0,861541.6753385445,4.0007464876753694e+33,4.7048654381646683e+33,0.3448490707302835,0.006525641783223948,3.093910165457839e+34,1.5440013382820327e+45
8057090725253435.0,860043.3240550704,3.9928310896432604e+33,4.690464384299399e+33,0.3447663945509787,0.006499942144707555,3.0550206746620836e+34,1.534407787135267e+45
8195669713881817.0,858564.3288638785,3.9849366540864604e+33,4.676104911344702e+33,0.34467747215506944,0.006475368340453174,3.017391748479142e+34,1.524904744714701e+45
8336632209999987.0,857098.6801350367,3.977033028867108e+33,4.6617321216685576e+33,0.3445820808321914,0.006451789813206742,2.9808310359282294e+34,1.5154548062712632e+45
