EC,PC,PS,SS,AS,RS,RJ,MS,MB,NS,OS,VS,RI,MA,NI,PI,SI,OI,VI,H1,J1,H1p,J1p,H2,J2,H2p,J2p,CP,MI,HI,HpI,JpI,YI,CI,K2,L2
645745723177966.5,0.0017732647705078122,0.0004215755511228307,-8.608971342129657e-10,0.9999987559191568,1150359.3736555548,1150357.9425154952,1.4123380035435888e+33,1.4929425015793778e+33,0.2320929858688312,1.2645625423287554,1.7128858423421485e-07,8972858.596535148,1.4123406475849626e+33,0.409755739351278,-3.825611408759448e-09,-3.637632125138871e-14,1.3301052901812476,4.627424830964348e-11,36963766807335.66,17890110997410.336,8337468.248552818,16843204.798776805,1015541866041.6974,4613748854636408.0,228448.61631539822,4343758545.806806,0.0911739521754595,5.061288329572304e+44,1.7052336861368617e+29,3.8462897611224895e+22,-5681670518734848.0,2.0238993885957695,0.011688881409105007,3.5374905258550622e-06,2.055192097951501e+36
656852311434277.0,0.02178118818044663,0.005232962948044869,-1.0716368165485849e-08,0.999808331062329,1144914.0820070338,1144694.637541211,1.4142928634278614e+33,1.4956116112333408e+33,0.2327798065177621,1.2652023509145833,1.7426334538539555e-07,10003446.672005255,1.4146969840241906e+33,0.41431226550656636,-3.422745097784162e-08,-1.5873689163118278e-13,1.331609578676934,2.9902977180815065e-11,47339147588300.68,568646665223316.6,9565675.804185152,536454598.65777117,15322146337777.205,1.2155375229139314e+16,3089321.55832648,11467238654.658329,0.09177789596506448,5.046852310004916e+44,5.667122145443595e+29,1.1451764631822463e+23,-8.020882671167078e+16,2.0214336987053754,0.010502146790068806,1.9930282086958266e-06,1.9941818961346436e+36
668149928911944.6,0.031045507030487064,0.007540974405755216,-1.5487208016210876e-08,0.9996020151520706,1139524.3157576197,1139070.802346101,1.4170156696513452e+33,1.4991750062041013e+33,0.23352702990658772,1.2659168028024717,1.7746113249716226e-07,7872086.225316866,1.417848117991351e+33,0.4107472953832811,2.105670195795477e-06,-1.400920537771555e-13,1.3331223995090118,7.792382437899141e-11,29933990341823.105,106705027887581.17,7708200.405479421,100366831.70470911,13287562639848.727,1630409362374429.0,3404591.2233575694,1533565501.7526503,0.09243646083970825,5.0378361065267084e+44,4.738680836449108e+28,1.2204235106717834e+22,-1.2754873256352154e+17,2.027416371559502,0.013375320163046388,6.41029084759354e-06,1.9356639602381863e+36
679641861243121.5,0.03831999347537755,0.009414153298817275,-1.9390343835506867e-08,0.9993798084220146,1134243.2101617693,1133539.7620754398,1.420544357291409e+33,1.5036777083994583e+33,0.2343353375391587,1.2667076529802148,1.808739826938969e-07,9963831.694527172,1.4218313429102815e+33,0.4189531994016681,-3.171658450370743e-08,-2.631621590135118e-13,1.3349964895555535,3.0377014278500336e-11,49484327143427.07,924776125923265.5,10039218.745783344,872396868.9731381,26047354517266.945,1.1670591594938204e+16,5272210.778211255,11009570242.900965,0.09314845214406565,5.033324441529338e+44,5.534234008402244e+29,1.1228800725576007e+23,-1.5082170649411584e+17,2.021632630480775,0.010597075253597031,1.9166327641024222e-06,1.8800692236195164e+36
691331450571612.4,0.0445851886087656,0.011082179892536069,-2.289262739077134e-08,0.9991406664605349,1129093.405479887,1128123.1376473694,1.4249165313935922e+33,1.5091661550925638e+33,0.23520964108125658,1.2675800842317364,1.8450769236636798e-07,8886621.327998448,1.4266858413499005e+33,0.4189544059488071,9.756089871365761e-07,-3.3482975426518816e-14,1.3368863655980951,4.809014595629626e-11,40243450522890.64,381898011652268.1,9165424.332555093,359548636.27379274,23756539537291.996,4225508733491464.0,5388337.021117758,3978224760.819174,0.09391525940724481,5.034921820291501e+44,1.6097647643727573e+29,3.667078536888954e+22,-2.2337280542769152e+17,2.024391330870046,0.011922188783004049,3.3010654517281105e-06,1.8274290558032192e+36
703222096524865.8,0.05023015804767608,0.012636623724999152,-2.618035413200058e-08,0.9988828346801577,1124083.8378910394,1122828.0504107524,1.4301858563477985e+33,1.5157067077404287e+33,0.2361571140163363,1.2685417681546893,1.8837877613798845e-07,8334133.185596043,1.432468279096996e+33,0.42015658249634963,1.908266989819408e-06,-2.144465814894811e-13,1.3389617498847266,6.235544482510759e-11,36191244653276.664,250527844419477.8,8795932.8398906,235726645.69132596,23226643592997.6,2511581367183091.5,5619813.918676097,2363197912.8825746,0.09474058843748519,5.042343048088544e+44,8.50783347738812e+28,2.0683781160578587e+22,-2.2798417564952166e+17,2.0261490476057697,0.012764061701567473,4.426287643129573e-06,1.777644171054861e+36
715317257202665.0,0.055449979400634765,0.014123795445499306,-2.934779926362481e-08,0.9986046032881104,1119229.5824787247,1117667.8131994843,1.4364084638339825e+33,1.5233686289781354e+33,0.23718467524246478,1.2696002236208228,1.9250175566242918e-07,7779430.873429803,1.439237659695444e+33,0.42131403578797044,5.422424122873917e-06,8.093238408829839e-13,1.341215215301714,8.249574352068638e-11,32208291049441.426,160714645473226.66,8393326.671968704,151203830.2756318,22045356196678.85,1490912598929083.5,5712707.404037991,1402684579.4534693,0.09562778313937194,5.056020261918508e+44,4.4476735310106806e+28,1.1595600737033414e+22,-2.5933335209443328e+17,2.0281878546320513,0.01373880647587462,6.080936303910725e-06,1.7306633710987906e+36
727620450182843.2,0.06035384394422173,0.01556967325573548,-3.244797408827537e-08,0.9983045358489728,1114553.3217466208,1112663.636545191,1.4436412750414745e+33,1.532221926786145e+33,0.23829912246604965,1.2707630340080514,1.9688742473579779e-07,8810256.553614726,1.447053244299305e+33,0.42788459008123436,1.2115164225884145e-06,-2.5879613050485007e-13,1.3437756960157905,5.044317003866054e-11,42372807380540.625,451895934851606.0,9735569.04158062,425482348.4555856,30497829804855.973,3937235205301686.0,6979226.315289717,3707102118.9927816,0.09657949587964546,5.0759138446284424e+44,1.530498636555211e+29,3.5177341173867634e+22,-2.96078841548374e+17,2.024970118976179,0.012197203616852458,3.1809113069405535e-06,1.686542746622762e+36
740135253544266.2,0.06500303852215411,0.01698846846163947,-3.550931301560093e-08,0.9979817829197418,1110086.032084189,1107845.6374936805,1.4519197387200006e+33,1.5423118140607986e+33,0.23950432595172413,1.2720345162319266,2.0153624803127459e-07,9310007.828750554,1.4559517174473695e+33,0.4327361921122849,1.1255113594332274e-06,1.8875504329640772e-13,1.3464987496653145,4.075119026827198e-11,48400048392478.69,763151450683597.2,10516553.09743766,719182104.1242256,36307862307670.47,6315397486649976.0,7856300.620810142,5951533271.435464,0.09759600464125504,5.102922355273066e+44,2.7795714618027812e+29,6.04206657840011e+22,-3.970578938802995e+17,2.02375394623793,0.011613449737897564,2.3550539138173674e-06,1.6453341125341367e+36
752865306907439.0,0.0694605102813244,0.01839635039169229,-3.856531121610194e-08,0.9976338238643738,1105835.9589367306,1103219.3562807774,1.461326704104189e+33,1.553741686078645e+33,0.24081175677138067,1.273427032930604,2.064732141968144e-07,8752994.418542536,1.4660204298751516e+33,0.43497856392371237,2.367152210545205e-06,4.646240829764815e-13,1.3494017178722268,5.262453016925063e-11,43607062016213.19,472512552858277.2,10085634.665661953,444937115.7118775,33894437425751.21,3746360646274019.0,7802014.30454359,3527727033.460352,0.09868302806757788,5.1375730579553725e+44,1.4735223388143482e+29,3.409787510765628e+22,-4.059978605222953e+17,2.0254766598355536,0.012437917984949313,3.1311641208929405e-06,1.6069120476649537e+36
765814312492993.9,0.073774873919487,0.019806927807587808,-4.164451043491968e-08,0.9972575666355528,1101812.4341037506,1098790.7869231016,1.471970431983396e+33,1.5666467878315766e+33,0.24223429851112313,1.2749549761361614,2.1173059904549886e-07,8194146.604305878,1.4773732030957265e+33,0.43726584034559357,3.5804048880325278e-06,-1.4286784590917197e-13,1.352551629437625,6.924962536073546e-11,38919101272189.82,290330734057138.25,9624251.803870851,273272984.02273214,31193783119459.51,2220862657212499.8,7676485.198636111,2090381960.9098735,0.09984803580499876,5.1803956174545905e+44,7.737746471658601e+28,1.9145421852128034e+22,-3.637296497562747e+17,2.0274687731399768,0.013389082125678452,4.257945958416941e-06,1.5711650556258604e+36
778986036198402.0,0.07796129261493684,0.021223916107624557,-4.475426496743905e-08,0.9968517837537183,1098049.5318967868,1094592.6345212474,1.4839150049098363e+33,1.5811097310606924e+33,0.24377891296729004,1.2766265051306762,2.1731461942165144e-07,8162838.809163919,1.490076214466374e+33,0.44148316497231305,4.1241310365806906e-07,-3.2945400977132797e-12,1.356000894534483,7.119703915592427e-11,39367725808620.97,291613976719404.0,9775562.154978056,274511348.6174488,32402524052974.426,2164982370286230.0,8018203.01194954,2038011039.4697692,0.10109281236547671,5.231801660908985e+44,7.57814034390926e+28,1.8825699658706652e+22,-2.7361755167666995e+17,2.027821402215966,0.01355600060288624,4.249199427109018e-06,1.5382121399488884e+36
792384308693172.4,0.08203487624399368,0.022651279000555104,-4.790237213495424e-08,0.9964148788656322,1094575.7616627521,1090651.5749664484,1.4972335465594565e+33,1.5972249083322366e+33,0.24545444813162157,1.27845168864671,2.2323633695760283e-07,10240640.497233646,1.5042054833630593e+33,0.45180952473352054,4.613037795270226e-09,-3.703241160715075e-13,1.3598337634000244,2.915576579483297e-11,63462173235268.45,2129857817741709.0,12528229.391120745,2011758046.1970797,53377060045509.94,1.542603409325122e+16,10511227.475154463,14570666813.145214,0.10242016106275575,5.292142694798149e+44,8.652840993330683e+29,1.708734737034814e+23,-4.136783908186358e+17,2.022288189577953,0.010907980804675957,1.3405728380342547e-06,1.5080961609990785e+36
806013026532920.0,0.08599998499512673,0.024089176080616666,-5.108845176738395e-08,0.9959462200095706,1091423.950256422,1086999.557685797,1.5119733829991075e+33,1.6150563628736387e+33,0.24726779155786816,1.2804383387109948,2.2949556901402743e-07,9154447.435400967,1.519809607012328e+33,0.45414349973207435,1.6155383031728072e-06,1.3194385210993392e-13,1.3638260360978123,4.640252118016385e-11,51489612795678.805,784437862893714.8,11384333.274370229,739455623.0181,44244787447099.5,5568171700782180.0,9739995.442023681,5248875170.415528,0.10383030646533327,5.3628490590148306e+44,2.5199571834394135e+29,5.574950116148566e+22,-5.4720299914389094e+17,2.0252561483448552,0.012328815911460261,2.3059720418165513e-06,1.4808727149882076e+36
819876153292575.5,0.08991124356240036,0.025557189571824877,-5.4355309949140495e-08,0.995438246975053,1088586.8154127675,1083620.9512146409,1.5284101800937643e+33,1.6349461252577377e+33,0.2492521769293866,1.2826237180799172,2.361842436015654e-07,9648021.658007266,1.537178387998071e+33,0.46083720717197857,-5.679468305734118e-08,-8.529381574787371e-13,1.3682455799656088,3.831001917843003e-11,58259940764295.32,1278616167379849.5,12218628.94670555,1206544666.6356566,51025071384258.97,8930127378421554.0,10672642.068196721,8426765008.079687,0.10534433704611929,5.44484882516902e+44,4.550272108708271e+29,9.54677001866947e+22,-4.172298906857636e+17,2.0242183698830463,0.011831786324842176,1.7440337724669704e-06,1.4562946579884177e+36
833977720719106.9,0.09373101011916996,0.027041188048780657,-5.7670900520438935e-08,0.9948944966554286,1086126.2042795112,1080580.9833109356,1.5464767972339796e+33,1.6568238435881775e+33,0.2513988232149946,1.284999201263345,2.4324931004288183e-07,9087089.904915528,1.556238592048246e+33,0.46509171294646917,2.167656103707054e-07,-1.3798394000173166e-12,1.3729643230221356,4.969114861431936e-11,52466756264105.64,768671607092102.5,11692529.883320484,724749581.944895,46792852260014.23,5302515229521836.0,10394690.749348518,4999529185.382364,0.10695058843370724,5.538644806868632e+44,2.422374371869019e+29,5.4009714134418905e+22,-4.37779342102102e+17,2.026074638907174,0.012717907847798809,2.3180804823369205e-06,1.434682007720144e+36
848321829904032.2,0.09745991087079049,0.02853970132774017,-6.103111612525227e-08,0.9943146214212196,1084068.1134038751,1077904.77577399,1.5662230667738166e+33,1.680760865357981e+33,0.25371759745216993,1.2875757241266819,2.5069188566197487e-07,8525350.253492199,1.5770413663105022e+33,0.4694778798850326,5.930301962929861e-07,-2.576654983674418e-12,1.378034661796824,6.560992105807292e-11,46836015360401.73,460708408231766.2,11136293.70160569,434163779.38916767,42492297285203.55,3150112855269321.5,10066780.324331947,2968613786.975401,0.1086493185712283,5.6447242022318924e+44,1.2796217543201575e+29,3.044273161024103e+22,-4.297061817332531e+17,2.0282161410130923,0.013737103566453935,3.1478752095906608e-06,1.4160600712005512e+36
862912652476135.0,0.10114654294490813,0.030072150477556937,-6.44788727772026e-08,0.9936896547468996,1082414.552410569,1075584.1428778782,1.5880096258862739e+33,1.707207867818155e+33,0.2562517179352972,1.290402404361961,2.58624992459183e-07,8490863.248653412,1.5999645571396616e+33,0.4759481164340979,-5.702820859112287e-07,-3.887527014892324e-12,1.3835865452669316,6.838165331897911e-11,47164455001792.83,452920348201904.0,11263592.144902023,426905079.2504325,43484262815212.27,3079572111403471.0,10351726.286273904,2902685583.378048,0.11046642240780627,5.7653421218226505e+44,1.255514328174961e+29,2.9998536769593496e+22,-3.888681119960269e+17,2.0287579970558816,0.013993386630167345,3.1764480536026135e-06,1.4002449218431692e+36
877754431814674.8,0.10474614103078841,0.03161968007310125,-6.797110989066146e-08,0.9930258041964265,1081213.0711756533,1073672.4795118913,1.611687195109169e+33,1.7359997282265738e+33,0.2589856811542346,1.2934630683546156,2.66972006471883e-07,7928149.323586819,1.624848719927776e+33,0.48088029564560303,1.0660419813543365e-06,-5.741626198283453e-12,1.389510258870087,9.246536195631105e-11,41636237982038.11,270057552056082.66,10660994.881768238,254557929.11633366,39003907623363.3,1831790899411312.2,9945940.672132399,1726659082.8689156,0.11238424414809944,5.900502973959963e+44,6.573558200783396e+28,1.684273701228253e+22,-4.272266902010593e+17,2.0313463420064486,0.015219676767890324,4.434616274369394e-06,1.3874526487108424e+36
892851484283465.4,0.10828967604875564,0.033194614655071425,-7.153494124815145e-08,0.9923164931228681,1080475.8218687228,1072173.9784608197,1.6375605280545698e+33,1.7675242182451758e+33,0.2619588401977681,1.296802562665898,2.7582157512111056e-07,8421894.60555826,1.6520119794677863e+33,0.4902368532870942,-3.954239638528786e-07,-4.32295327612832e-12,1.3960160154332253,7.482766037708907e-11,47722252668368.34,435107085356376.1,11496263.379751632,410299005.69753206,45361467044078.83,2953188660388248.0,10889750.915266791,2784810596.6466274,0.11442271471317995,6.051951046862333e+44,1.2119571971536976e+29,2.9212426868920534e+22,-4.509819400366326e+17,2.029972517514798,0.01456691908485186,3.255238887632571e-06,1.3776373013571367e+36
908208200486197.6,0.11179197289004922,0.034804407544282365,-7.518679697842102e-08,0.9915564214559905,1080230.0594280062,1071109.0520756259,1.6659232339314883e+33,1.8021610003427883e+33,0.2652066791613677,1.3004627321322095,2.852500719248758e-07,9441479.092119588,1.681759320870269e+33,0.5016362475182471,1.4612998956460147e-07,-1.1745242075932094e-12,1.4031162848843213,4.895595294304451e-11,60968944318372.55,1150217839504775.0,13083294.204165997,1086300404.0991342,58770480353642.086,7835548835805962.0,12569508.292644968,7400129101.455851,0.11659890490763015,6.222378400671875e+44,4.101262857351185e+29,8.805711799795632e+22,-6.404584439996744e+17,2.0271547262566045,0.013227815397368026,1.8292345188306137e-06,1.3707952289412262e+36
923829046543314.8,0.1152319904513657,0.03643989843764591,-7.890553318709844e-08,0.9907480021789831,1080507.0093264796,1070510.1608305976,1.6968044244443607e+33,1.8399711189831974e+33,0.2687361817291183,1.3044534304492441,2.952444787959838e-07,9932692.608575877,1.7141175783859772e+33,0.5117623357355662,-1.4637384289452415e-07,-9.179408707729396e-13,1.4107631868556045,4.1415731261198313e-11,68431758388064.85,1845421697133773.5,13953618.08696585,1744890081.070393,66943169470789.234,1.2655974552962692e+16,13611257.489880059,11966525137.49393,0.11890883732790823,6.413035275463776e+44,7.425322153575423e+29,1.5147812553330052e+23,-6.642841104280453e+17,2.026290074325002,0.012815570116624132,1.4155982551256008e-06,1.3670298973515095e+36
939718565390884.8,0.11858488149166108,0.03808850437716678,-8.266223326370059e-08,0.9898962501634965,1081323.1617499217,1070397.7430311835,1.7301370505208234e+33,1.8808993088345018e+33,0.272545345351708,1.3087741964788282,3.0576746775789124e-07,7789923.413165838,1.7490129299223216e+33,0.5137036106452492,-3.0640472388459465e-06,-1.1917698918854964e-11,1.4188138521057085,1.1373447899525479e-10,42304072398491.93,245633348713297.2,11041615.106842484,231848803.14398438,42117724644572.69,1700933510112348.0,10953439.844462797,1605481579.6020741,0.12134228061414722,6.6249698487616184e+44,6.161089661218282e+28,1.6090523032066061e+22,-4.181481273132319e+17,2.03444437575009,0.01667339926399282,4.768614324647045e-06,1.366347466667448e+36
955881378101811.2,0.12188696334667504,0.039767804362905376,-8.649640819647053e-08,0.9889907029615617,1082706.9098885376,1070787.067912005,1.7664688274296367e+33,1.9256489709685187e+33,0.2767035298250851,1.3135057892288315,3.1697794583551376e-07,9337396.645195534,1.7870148616478656e+33,0.5294464008190066,3.016504176470428e-07,-1.373662078714951e-12,1.4278658575706047,5.7419121202260016e-11,61812269615394.98,1064425558685268.4,13424761.798194615,1006018769.2392192,62384209446963.55,7465656409375860.0,13497975.294183485,7056004245.112131,0.12393368545037864,6.860516209891206e+44,3.950658198385193e+29,8.585706906940462e+22,-7.881659137308754e+17,2.0292353031772334,0.014212375536946105,1.930791231625241e-06,1.3688862890980757e+36
972322185229736.2,0.1251340073578805,0.04147740408139021,-9.040773520016293e-08,0.9880295968615833,1084689.090554884,1071704.9248610993,1.8060714969999533e+33,1.9745933431837943e+33,0.28124754693669124,1.3186937952394726,3.289419359191797e-07,9302700.750089929,1.8284017346736204e+33,0.5401676482101694,1.6982454297615136e-06,-2.371241415674297e-13,1.4375979930735554,6.093574444037917e-11,62018007816602.19,1034120384728643.5,13522254.347019449,977677577.2307168,63601838357812.555,7370306283444758.0,13798044.927476358,6968032325.154959,0.12669536178328836,7.124514886633825e+44,3.9131975514539915e+29,8.539431665127069e+22,-1.0782442704286515e+18,2.0300477119281277,0.014595765985366807,1.975309182699324e-06,1.37462220109506e+36
989045768176094.4,0.12829640072882176,0.043202094707789844,-9.436177333136e-08,0.9870200290375872,1087275.1709551828,1073162.370808032,1.848862932403626e+33,2.0276737311001858e+33,0.2861775132321913,1.3243416555291596,3.4162471069793556e-07,9268083.010180801,1.873081678125863e+33,0.5516517949044941,-5.912702121641163e-07,-2.451429836494672e-12,1.4481362164417078,6.486364769770087e-11,62187334146249.984,1003172202386586.5,13619620.240016181,948742079.375164,64864776249406.805,7288997116778188.0,14159050.940187916,6893511397.820448,0.12961509942283087,7.417132626339305e+44,3.8821275884470736e+29,8.506940634571962e+22,-7.299968609487421e+17,2.0309232545196134,0.015008286744554141,2.0256137145174818e-06,1.383595754255221e+36
1006056990580661.0,0.13139874182999134,0.044956751527485794,-9.839351483490547e-08,0.9859518427906956,1090511.9046509718,1075192.2219758169,1.895525681950699e+33,2.085786572245489e+33,0.2915824556683428,1.3305557731982853,3.5522228871832085e-07,8706995.283928825,1.9217600845333217e+33,0.5621538198306542,6.196612077604227e-07,-3.183956660868503e-12,1.4596324774664753,8.76383925383022e-11,55312110500808.234,590495560737844.2,12910565.8204661,558367868.465642,58741362401950.13,4390065457819578.0,13648838.341672262,4151212159.1349335,0.1327325300057878,7.744770516766494e+44,2.0813727197865333e+29,4.861865059934835e+22,-8.595427790747075e+17,2.0338613908753715,0.016390612284907423,2.792666032812038e-06,1.3959297600904467e+36
1023360799736018.0,0.1343935701969266,0.046715705598645206,-1.0244538805486707e-07,0.9848395937589625,1094372.5962123952,1077781.4630747563,1.9457090392597265e+33,2.1485511726815572e+33,0.29743490470150397,1.3373094725845835,3.696338174105283e-07,8672347.834260164,1.974062793499407e+33,0.575375491026204,7.714722267714602e-07,-3.3356235139425617e-12,1.4721110445316345,9.40001399703933e-11,55359472600622.055,570757467595347.8,12979837.858772624,539955757.4597136,59870972839025.69,4357269693522393.5,13970690.674742294,4122125276.954296,0.13601743199413222,8.106233599021882e+44,2.0704434737200163e+29,4.85827780987907e+22,-9.263630674433147e+17,2.0349589630205243,0.016903965299820467,2.8806750281893176e-06,1.4114994953374018e+36
1040962228026366.9,0.1373030211782456,0.04849259995352489,-1.0655085656315358e-07,0.9836740116893544,1098902.7068292194,1080962.0340829887,2.000148596792726e+33,2.2169490960253714e+33,0.3038382694128317,1.3447273794858126,3.8508154860866476e-07,8637292.625309134,2.0307471180728498e+33,0.5896568666943631,-4.858924444060007e-07,-4.7791457245485095e-12,1.4857577748387254,1.012103335059321e-10,55367002301260.37,550419327764018.75,13042903.086732984,520983158.878814,61041864401371.92,4332377183189221.5,14316920.209021151,4100685252.211872,0.1395114082582297,8.508868460956171e+44,2.062721155023e+29,4.862646613840973e+22,-8.695418655929795e+17,2.036150239451282,0.0174599312759999,2.978990108873992e-06,1.4304090384949256e+36
1058866394391049.2,0.14012014382600788,0.050286951450424715,-1.1071182154144312e-07,0.9824543077733744,1104126.4487325586,1084753.7858838202,2.0592832281824612e+33,2.291608891020673e+33,0.31086372182883976,1.3528995547977039,4.0170774607403327e-07,8601614.804512257,2.0922579636165012e+33,0.6051257020909613,3.0074941213008523e-07,-4.405224039064729e-12,1.500733607232225,1.0942602230475375e-10,55329576617970.69,529358100957365.9,13095463.375924274,501332407.14206135,62243285482472.555,4315240950322625.0,14659171.375161082,4086781960.719243,0.1432347428914167,8.958213258756318e+44,2.0581146738553145e+29,4.875012870247475e+22,-1.0047299206575555e+18,2.0374463779687506,0.0180634024137018,3.0886385353858617e-06,1.452680322621876e+36
1077078505813278.9,0.14282771912515163,0.05209173903954053,-1.1491611567929476e-07,0.9811844203010522,1110046.8508713369,1089160.6758792012,2.1233871786556888e+33,2.3729658869793882e+33,0.31856980897593024,1.3619028281162426,4.196225126745129e-07,8565135.944885854,2.1588663784074364e+33,0.621874498007576,5.861898066057695e-06,2.462034365932714e-13,1.517174442545845,1.1881133668189427e-10,55241704685340.59,507478978817834.25,13134213.360347206,480911073.55078614,63462655735278.39,4305527919952098.5,14974454.846246585,4080124931.3272657,0.14719671836043705,9.458969764222287e+44,2.056387381428757e+29,4.895050127585578e+22,-1.5794121001601597e+18,2.0388556250851444,0.018717843860070874,3.21041983805142e-06,1.4782100471940234e+36
1095603858834456.2,0.14542199058175093,0.05391034347801352,-1.1917728873148924e-07,0.9798612725724527,1116701.7955471242,1094212.842468748,2.1931805041087538e+33,2.4620393971171532e+33,0.3270760794928359,1.3718878817759532,4.3907654681169336e-07,8001323.788712467,2.2313029984301333e+33,0.6374585652600199,1.6676776370295608e-06,-8.433869335957895e-12,1.535272716251717,1.6723819299087748e-10,48394647967213.516,294199653023227.75,12346051.579756014,279041452.069787,56940572879612.23,2612631312794961.0,14436640.586290523,2478023041.602391,0.1514331858683194,1.0020323608588903e+45,1.0968547586670531e+29,2.800842629534454e+22,-1.0837776869810504e+18,2.043155539332134,0.020709090286638136,4.600430158553101e-06,1.5069910938795943e+36
1114447841094553.2,0.14783529744029045,0.055698520505464276,-1.233978423670886e-07,0.978517824362294,1123934.1525271963,1099789.6016573908,2.2674755258812338e+33,2.5574210349308068e+33,0.3362784383841269,1.3827436129647004,4.5981383267948106e-07,8488269.009090515,2.3083172619180725e+33,0.6595931446394435,-1.4511564118429402e-06,-7.1686280662466e-12,1.5550542865335641,1.4193512390941838e-10,54906372855001.33,460541223880026.6,13199388.348468464,437055064.78719985,66091230785690.945,4303764479271115.0,15809935.130117122,4084288311.644861,0.15586557568050974,1.0634211587843233e+45,2.058663608651911e+29,4.9525931847955635e+22,-1.0744071254400041e+18,2.0420501469233105,0.020194852355195872,3.494734173905285e-06,1.5382001086422096e+36
1133615932898949.2,0.15010208148002627,0.057486860295920136,-1.2765807523904622e-07,0.977132346732338,1131867.479949066,1105984.3268726482,2.3481034831009423e+33,2.661581837048351e+33,0.34645457314767586,1.3948112242871993,4.824493318387464e-07,8446976.619106721,2.3917863459350114e+33,0.6808309441713929,1.1596800069143574e-07,-6.225112257170415e-12,1.5769014769505292,1.5623693281507214e-10,54637280339183.086,435084374219377.9,13209180.305080477,413233465.7180005,67420796014783.81,4309263124514728.0,16203989.83246322,4092845316.97538,0.16059711067178914,1.1320581733674286e+45,2.061126825459507e+29,4.987173081763508e+22,-1.307878943826641e+18,2.043859402378264,0.021027391853111844,3.65956306972435e-06,1.5719499489637386e+36
1153113708812258.5,0.1521873779904097,0.05925914136098494,-1.3193025841895597e-07,0.9757181443096583,1140442.6854647822,1112750.6207532205,2.4351092918769563e+33,2.774732682984778e+33,0.3576761694132395,1.4081944557308055,5.071384450622035e-07,9974530.357459607,2.481729389219032e+33,0.7111217732530045,4.761159840739883e-10,-1.153337664378416e-12,1.6012704504696884,8.708537916306053e-11,77026434793391.94,1818066996667291.5,15730397.87739294,1729881487.5310702,97340000454984.22,1.9238133158210336e+16,19781925.591077935,18304986742.77935,0.16562309510505988,1.2081888273784512e+45,1.3048741669746937e+30,2.666586229492477e+23,-1.8664337399076618e+18,2.0383532734442045,0.018476779886824,1.630135755784752e-06,1.6076409976995896e+36
1172946839279546.2,0.15406969627678396,0.061010560212825055,-1.3621627627726192e-07,0.9742805096629561,1149642.2402935296,1120074.0278032427,2.52910505697266e+33,2.897841593458312e+33,0.3701079951665124,1.4231123931246925,5.342489849598744e-07,10447601.393335475,2.5787470144263728e+33,0.7386965890016243,7.21287109914951e-07,-3.146979769602906e-14,1.6282294839546467,7.873513930363865e-11,84980201525713.84,2776111053603354.0,16563472.547376707,2645175684.997192,110282976560758.67,3.1685884581937452e+16,21355345.515385993,30191419870.19946,0.17097252634453117,1.2930156931913781e+45,2.3865150670389522e+30,4.65543468673486e+23,-2.97187229799809e+18,2.0380397589553354,0.018329746610410893,1.3226761110925643e-06,1.6445212901605508e+36
1193121092275455.5,0.15570528090715408,0.06271794067826102,-1.4047520118229404e-07,0.9728408459957176,1159336.4401022408,1127849.8431827275,2.629716232005537e+33,3.030606184210806e+33,0.3838066244856292,1.439660310744026,5.639303432124178e-07,7775487.381053968,2.682416257107685e+33,0.7530381959869804,1.4569117716359806e-05,-1.8283074938676776e-12,1.6576148691984947,2.8024849629646686e-10,46602014470849.4,210305165178183.28,12293647.260244612,200484375.38219398,62485531179182.086,2617188721632305.5,16300296.869307602,2494981912.4573627,0.17661972605819443,1.3869300967488412e+45,1.0882523672256813e+29,2.8746758331684933e+22,-2.1371021497403965e+18,2.053935864380902,0.0256190410421204,5.921976859161125e-06,1.681155275284334e+36
1213642334981651.0,0.1570597909224033,0.064361197579079,-1.4467483005079176e-07,0.9714198194760829,1169382.4927684597,1135961.330023629,2.7365539756257975e+33,3.172698422025739e+33,0.3988519148787634,1.4579653175070058,5.963935569572929e-07,9806851.487986589,2.792297409209926e+33,0.7944035834846159,-4.25971300357959e-07,-1.8856618714067247e-12,1.6908977908263287,1.2127846703905807e-10,75105391456082.16,1393432274237739.5,15645871.18689629,1328999544.7100708,103342239009885.0,1.914455086757707e+16,21416195.066733543,18259302557.43394,0.18254184831631906,1.4889124726365037e+45,1.2938585760318893e+30,2.696911594077369e+23,-2.1019114293543567e+18,2.0441346503618236,0.021144449985032843,1.8945451514680107e-06,1.7165480701669943e+36
1234516535493163.5,0.15810812169060107,0.0659408701066704,-1.4883746796435903e-07,0.9700211646916788,1179746.4946504112,1144379.0687817172,2.8505513911633744e+33,3.3255660208997907e+33,0.4155406262001453,1.4784287150926891,6.323502148655501e-07,11295753.05457726,2.909304537142426e+33,0.8334796348260816,1.2281245779728495e-08,-2.760340993440795e-13,1.7277935978407204,7.570933470341143e-11,100381480493961.8,5460839587821252.0,18117410.10311007,5222454468.819621,142009791068135.9,8.419298493415906e+16,25500871.222231843,80517661542.7178,0.18879200392483544,1.6010421244228547e+45,7.675923785973605e+30,1.386102668762832e+24,-3.258604125700489e+18,2.039764058528823,0.019126623661216632,9.52074761816572e-07,1.7488397535242433e+36
1255749764554050.8,0.15880060694456097,0.06742272819894157,-1.5289707871775707e-07,0.9686801831244356,1190153.7469708866,1152878.3495619916,2.970169651135785e+33,3.4873532106284615e+33,0.433854842352517,1.5010767961716405,6.718567811592976e-07,8070293.857525377,3.0318076637259836e+33,0.8526528986605223,1.4570662843305447e-05,1.9237832130472583e-12,1.7678689797410592,3.198771589640458e-10,50465062335311.016,232894314284454.62,12859665.498519538,222708155.56990767,73905861303945.52,4106512175975071.0,18576692.910995144,3926918473.8103957,0.19529111310421687,1.7225624707642412e+45,1.9002313805131123e+29,4.848196679145791e+22,-3.2326722529441874e+18,2.059031983211437,0.027898227764007518,5.192966926848815e-06,1.7756825106146935e+36
1277348197322945.5,0.15909984063148497,0.06880696810818279,-1.568831497189481e-07,0.9674023474681858,1200545.0758817866,1161410.1246494115,3.096486100027608e+33,3.6597275429927183e+33,0.4542202861686826,1.526497797340814,7.159692542476238e-07,7925198.094228389,3.1608523334765225e+33,0.8900017730195822,-1.3752932979369488e-06,-1.4728626737965725e-11,1.8132824429628516,3.7964008393923734e-10,48595616947954.195,183796416930740.88,12640555.309901794,176049910.06331033,73410865158186.88,3806685348143372.0,18928603.323772706,3646255194.238765,0.20210772678170025,1.8536662457918933e+45,1.7149556903990446e+29,4.463960722218633e+22,-2.026736225796227e+18,2.062897205245321,0.029618182077377764,5.74933099876999e-06,1.7954402704524812e+36
1299318115168915.2,0.15894939907714728,0.07006212607129114,-1.607385707844591e-07,0.9662227217108369,1210614.8984313298,1169723.6221060078,3.2278899365296853e+33,3.840703396718229e+33,0.47670853479596287,1.5548602377509995,7.650315130108257e-07,9345195.836407855,3.2947272849113044e+33,0.9416383425769084,2.3949200761492295e-06,-4.535779942209275e-13,1.8643471160054115,2.1702091528849576e-10,68145046481485.29,628846031836775.2,14976308.48000215,602237323.2862165,105473835063423.58,1.5848828942108684e+16,22934602.648047354,15178215363.336918,0.20917054591697531,1.9925667300333377e+45,1.0136923822948651e+30,2.2293461741682802e+23,-4.182281746588369e+18,2.055226708677095,0.02618155177173294,2.5357174643070456e-06,1.805285579864711e+36
1321665907498264.2,0.1582892514038086,0.07116982741367787,-1.644469400894731e-07,0.965165190586055,1220138.8890177365,1177635.583360261,3.363940652713151e+33,4.029851568259193e+33,0.5016547116655237,1.5866857953150657,8.200213747401465e-07,7670476.896835437,3.432911741163336e+33,0.9747822867816144,8.865445135282384e-07,-1.7617209126911624e-11,1.9204842647475635,5.290106115513887e-10,45286108080616.625,105373130071066.9,12220761.762049448,101306292.48050928,72329010638673.61,3408113352928739.0,19302284.35093563,3276601686.5373163,0.21647913106425928,2.1400677734015878e+45,1.4671865540578305e+29,3.961579922462181e+22,-2.447568045841842e+18,2.0711208936703183,0.0332356815912395,6.7952031895981325e-06,1.802259385143688e+36
1344398073612722.8,0.1570914236445725,0.07208209205716279,-1.6788119038549747e-07,0.9642826750581779,1228602.5723309494,1184720.1750306464,3.499785883612381e+33,4.220501780365838e+33,0.528609852898647,1.6215111511475033,8.802366045430835e-07,9067431.672010118,3.570415305390642e+33,1.03413588035011,-5.385891714443277e-07,-4.137862760163001e-12,1.9829419616415418,2.990367214923396e-10,63855889235901.22,311506625499047.9,14517139.30421556,299096825.4927344,103837583468542.66,1.3975621350113474e+16,23402453.981932696,13418871054.345917,0.22380370355775608,2.287895150922698e+45,8.600796337094808e+29,1.9559602253425783e+23,-3.260038724771119e+18,2.062080649436013,0.029241440403671985,2.9152665205271835e-06,1.7848541794267266e+36
1367521224599629.5,0.15530252969399092,0.07279243841264213,-1.7104997524193874e-07,0.9635882775024763,1235842.9961436999,1190843.8239176073,3.6354818960234913e+33,4.412700668067117e+33,0.5580721971222744,1.6601063961418534,9.471242890345905e-07,9823774.195630701,3.707239492578657e+33,1.0909415676985488,1.719092160923363e-06,6.934400102261725e-14,2.0515633576738286,2.391506446915319e-10,75191696041418.61,426580280416729.9,15757879.628389806,409989585.302143,124066927026873.27,3.1035135519068776e+16,25678742.344400056,29828121402.39292,0.23118526606894552,2.4366016830225374e+45,2.2806599720324883e+30,4.7809388465022766e+23,-6.050878219425415e+18,2.0593540574705376,0.028024417173737524,1.915985391612189e-06,1.751003716815933e+36
1391042085254571.2,0.152887681555748,0.07327464104163288,-1.7388214905469224e-07,0.9631133094375045,1241521.501656394,1195725.8821981098,3.768036371692316e+33,4.602110308265062e+33,0.5899638345880652,1.7025269370884364,1.0209238763573243e-06,7730738.720871813,3.840309062359598e+33,1.1291907782007244,1.8487183377579358e-05,-3.3772928759446864e-14,2.1255758049821147,6.847594348410959e-10,45736271273020.484,24041854215227.64,12300884.767038992,23211886.678461287,76687650452255.03,4436292908208726.0,20216274.851839874,4283338737.7711306,0.2385057562491247,2.582437625247742e+45,2.010557825841298e+29,5.408429112394492e+22,-4.677230128281944e+18,2.0795796977778047,0.036890071712079635,6.163739473848731e-06,1.700013102228072e+36
1414967496037143.2,0.1498091311460733,0.07350901895698439,-1.7632270012617173e-07,0.9628814004756312,1245377.2435603454,1199150.5843998666,3.895228122175872e+33,4.7853369788795127e+33,0.6243575281560927,1.749048962880401,1.102271522294784e-06,9834546.266380338,3.967345545313669e+33,1.2041226947626418,-1.5881745709594393e-07,-1.5942470104114117e-12,2.208254401891077,2.858565239242756e-10,75239542060140.25,-94104219351319.52,15789153.05570702,-90643182.23245457,125558350034164.62,3.6047951244867864e+16,26100534.422064327,34722102466.62237,0.24569177754450308,2.7176951946968012e+45,2.724046914383126e+30,5.716227899663237e+23,-4.66693717136035e+18,2.063712906396207,0.02995780696379499,1.776842424799977e-06,1.6327645831483523e+36
1439304415060317.8,0.14609253396272662,0.07347919316877508,-1.782830934912737e-07,0.9629109500982419,1247172.2882694085,1200915.8530336947,4.0131188233204287e+33,4.9563624085400055e+33,0.6607331934291495,1.7991561465357595,1.1904239242372866e-06,7840748.039031362,4.0843899491028874e+33,1.2471946392248645,-7.592692242833688e-07,-1.479575403861227e-11,2.294842416300281,7.685688333048458e-10,47056014518641.47,-57013472146829.58,12508685.564695919,-55171294.12680335,78324783182129.78,5610229189269414.0,20532049.27616455,5428895963.4638195,0.25256835678364925,2.8408239775828546e+45,2.684605940275285e+29,7.1347196293973946e+22,-3.3959189803874386e+18,2.0837895835654683,0.03868423549975796,5.240304535582719e-06,1.55112584507505e+36
1464059920114060.0,0.14174815284840764,0.07317979924553285,-1.7971471942244395e-07,0.9632069575117962,1246825.8446859636,1200951.3284070424,4.119897403402802e+33,5.112109706937336e+33,0.6989465792088996,1.852832926509073,1.2854951878501793e-06,9509882.12934022,4.1896474458875416e+33,1.3231916156990922,2.464557504603505e-06,3.1966166880023025e-13,2.388925141215943,3.830887888865954e-10,70413293003412.4,-512275880817233.8,15333747.700404933,-494458372.57554454,113824375893223.52,2.9818339091271104e+16,24364324.40395973,28781210528.528915,0.25906956150781923,2.943620844908388e+45,2.1579169297279513e+30,4.6970814421522814e+23,-7.44548725758414e+18,2.069991214741105,0.03271648689343232,1.8771848921787308e-06,1.4584304997664402e+36
1489241210723695.5,0.1368235158014297,0.07261244105677807,-1.8056622018993968e-07,0.9637648302326325,1244351.8553401995,1199262.5546116086,4.2136402067802e+33,5.249285252797312e+33,0.7385596460257277,1.9096424192293147,1.3868528484596453e-06,7440720.682656876,4.2812495286501966e+33,1.3651818346203881,3.0813154543314914e-06,-1.82943239659673e-11,2.4854349983212036,1.0940036030342234e-09,42413655892941.73,-99937594249133.3,11940423.127062568,-97115585.49694856,66822536220974.11,4239959294950024.0,18468530.87774761,4120196104.830878,0.2651066276487021,3.0280342423890675e+45,1.8651025804763983e+29,5.24726085684631e+22,-3.6428608529791713e+18,2.0933648794190947,0.042728717429146405,5.96174111373816e-06,1.3581606378271406e+36
1514855610243735.2,0.13137859434366222,0.07178565655316191,-1.808034835252733e-07,0.9645705878072354,1239871.3281091736,1195943.415759603,4.2934548601503625e+33,5.36610363481523e+33,0.7791858552543031,1.9691861380662343,1.4939053047388314e-06,7890935.931692128,4.358385043543732e+33,1.4324174726719965,9.321046179417559e-07,-1.0992738301373779e-11,2.5876403229093743,9.1818307000679e-10,48252286893312.67,-200847244664354.2,12785141.280934967,-194896179.62183273,72170350419899.05,6860034396091763.0,18794205.472306073,6656753180.378217,0.2706320836034553,3.087620185567603e+45,3.455075638065103e+29,9.148127333087498e+22,-3.961183009574486e+18,2.089311327516437,0.04101676420650512,4.105848758337638e-06,1.2547250003850029e+36
1540910567987680.0,0.12549860385924577,0.07071558527784402,-1.804070151638528e-07,0.9656007253498183,1233603.0482235395,1191167.9981583967,4.3590343622439215e+33,5.461701698150068e+33,0.8203168640928498,2.0308427208903237,1.6056496214048443e-06,9404146.624172876,4.420852831895457e+33,1.5082235866778095,2.6331353483878963e-06,5.064560395674652e-13,2.693193726837082,4.792899060893138e-10,70136188440630.164,-1055972317550105.8,15490323.583269,-1021441073.5982943,97647098049713.03,3.083134709635936e+16,21118254.59338154,29823126892.03342,0.2756115149718552,3.123868094735477e+45,2.2655058022583334e+30,4.998878352762739e+23,-7.857815544760631e+18,2.075041473693125,0.03491009122662448,1.5676502821832476e-06,1.1517259737410354e+36
1567413661394494.5,0.11927770960465074,0.06942242751351108,-1.7937480548846994e-07,0.9668264095272457,1225825.89765614,1185160.8513363989,4.4109030056297443e+33,5.536540819471831e+33,0.8615039293138445,2.0940194852100382,1.7211101301802878e-06,8811516.668778451,4.469288575008853e+33,1.5633734857064276,3.7428590596754732e-06,-1.8550948193012219e-13,2.7990965296325943,6.497235682776171e-10,61897775551050.54,-688554740127837.0,14636889.977822717,-666977915.378828,79931319433085.53,1.7904903102155936e+16,18478726.518022504,17343818452.91374,0.28004344903505496,3.140493112414218e+45,1.1633107623608799e+30,2.7479571150534343e+23,-6.538465474772992e+18,2.081444675646366,0.03766622080459371,1.982969089953063e-06,1.0521370095812111e+36
1594372598232279.5,0.11284643584966661,0.06793700502227447,-1.7772921333578905e-07,0.968208273223761,1216897.792786468,1178210.5106435923,4.4499715557075777e+33,5.591788903117716e+33,0.9021247813241918,2.157786651308783,1.8386814451502382e-06,7712144.976257869,4.5047304939745825e+33,1.6097772297721755,2.164854308650857e-06,-1.053839998784127e-11,2.904461603124045,1.1483997087817522e-09,47407811946335.05,-263932934149786.25,12891003.2889044,-256745613.6733751,56354263932153.6,6302563697583163.0,14997498.337871905,6130920051.182354,0.2839293175136238,3.139153887035417e+45,3.1366450078628544e+29,8.520470309529511e+22,-3.8661052087528325e+18,2.094948651449864,0.04337684356353155,3.518029056072491e-06,9.586903690272197e+35
1621795218839910.8,0.1063034550070763,0.06628437004275965,-1.755013547399233e-07,0.96971280951894,1207135.5797690845,1170574.8345281535,4.4778500582480123e+33,5.62975433275038e+33,0.9418606282235424,2.221614608107416,1.9574613577211204e-06,7616236.624150426,4.5288855439845866e+33,1.6643652142196357,1.1080655670846266e-05,-3.12076263918184e-12,3.009924349795721,1.2441527874412556e-09,46784949612659.484,-259927383883549.4,12897767.628387062,-253049703.49746227,50270793567369.49,5835722208259093.0,13449561.549036682,5681290545.233483,0.2873137957359301,3.121506776057099e+45,2.8609072532459594e+29,7.876369833376547e+22,-4.785988635667202e+18,2.0968277221239475,0.04415859373838165,3.4092576277751235e-06,8.727000085125912e+35
1649689498407193.5,0.09974894791126251,0.06449139143095176,-1.727339521787493e-07,0.9713057516602623,1196848.9136135227,1162506.233661151,4.4962209894564616e+33,5.652952939898058e+33,0.980374323421189,2.2848938138361836,2.0763974817116303e-06,8016850.438101683,4.543523391996069e+33,1.722398595325334,8.428746953559228e-06,-2.981328187233944e-14,3.114313019748001,1.0384988751303644e-09,52810802396897.92,-404947805257663.2,13798316.296817105,-393523903.5506203,50687806803137.36,8712346896985491.0,12836695.570643296,8466551350.384485,0.29024302767986127,3.0913154673980197e+45,4.8063194650818246e+29,1.254139098702916e+23,-5.372549363002245e+18,2.09188042033443,0.042087516981846075,2.403086113534898e-06,7.94861127848957e+35
1678063549294276.8,0.0932490615311265,0.06257529815896509,-1.694612273857029e-07,0.9729625608657637,1186265.0188124464,1154191.4505692313,4.50681780685592e+33,5.664019039441737e+33,1.0175661270350678,2.347364074296315,2.195067531089711e-06,8934146.069033578,4.550431464340411e+33,1.7824274693795437,2.331110158122739e-06,-3.417805944926179e-13,3.2170628304791045,6.866617210456687e-10,67149922522166.68,-1019961289720883.9,15662701.429785583,-988513237.3138976,56984698435029.87,2.136179356635237e+16,12953415.458851492,20703148489.602432,0.2927784063134964,3.0519676182577056e+45,1.4925649694252289e+30,3.477953769721923e+23,-5.6783683034672e+18,2.081822073849646,0.037823685763274724,1.2750235124499295e-06,7.249139452035928e+35
1706925623390891.2,0.08676239254266024,0.060519629972117434,-1.6565565030072686e-07,0.9746874930760935,1175413.3675547112,1145660.7085500304,4.511207994469812e+33,5.665296980805982e+33,1.053875297157902,2.4096836271712583,2.3148365009834647e-06,8812826.078108585,4.551164822416371e+33,1.8300781498125311,3.013896456927442e-06,8.665541632254513e-14,3.318162206001567,7.369211725883084e-10,66189414310579.99,-922225186154304.2,15660752.321831241,-894028498.5984752,49463186437014.16,1.9054885619337364e+16,11365180.358529964,18472283605.960224,0.295006009459938,3.006551527623591e+45,1.3068479152186939e+30,3.088950997770889e+23,-5.594020089281118e+18,2.0830570711511833,0.03835055756563011,1.2458156000788565e-06,6.6150446348072124e+35
1736284114516234.5,0.08032938019275665,0.05832777116291874,-1.613174067188032e-07,0.9764664347990238,1164431.6864056012,1137028.4573914923,4.5105390708808967e+33,5.658582633059822e+33,1.0892410915717203,2.4716868170066855,2.43554359370536e-06,8165227.104217853,4.54689906661697e+33,1.8704361522346147,7.44904407679499e-06,1.4585133290732913e-12,3.417830939861644,1.0129559496991498e-09,57231649181830.79,-492851297325109.75,14667177.564384118,-478680614.99339396,37444234109045.36,1.0170578323830156e+16,9234877.281888276,9878138791.191254,0.29696707216693385,2.956633468154142e+45,6.0053340996376825e+29,1.537250994571099e+23,-5.168493400890016e+18,2.090142409831134,0.04135341340201231,1.6668439046528285e-06,6.0428148967977926e+35
1766147560860090.5,0.07408551815152167,0.056037098650792344,-1.5651964276036247e-07,0.9782587288807622,1153603.9811397432,1128523.164221552,4.505922480889028e+33,5.645722755532845e+33,1.1230995231491354,2.5322863209452993,2.5551856862419004e-06,8535772.316629846,4.5388201210340595e+33,1.9188649507186064,1.5558259357592746e-08,-3.2485201514167512e-12,3.515816147365294,8.568427795451295e-10,63636270371120.26,-697931530758189.0,15559119.195846956,-676984230.40769,36077141765678.4,1.454943189413824e+16,8617993.2026102,14112749305.252434,0.2986735826087335,2.903559335882168e+45,9.510509565394815e+29,2.3239111426071564e+23,-3.227900877675168e+18,2.085732237686922,0.03948793899508269,1.2231503950513894e-06,5.536011557951148e+35
1796524647465980.2,0.06801489124059676,0.05363343532826415,-1.512334191150982e-07,0.9800655540217243,1142941.0796301293,1120157.1824218903,4.498293126468408e+33,5.628164561241735e+33,1.1557092305517347,2.5918280926285706,2.6745108704110463e-06,8895102.891407494,4.5278495606047906e+33,1.9648411812326334,1.8052994238068686e-06,-3.309445850104461e-13,3.6118266343347822,7.324348356087185e-10,70243936204169.36,-965364694243739.0,16451214.66437372,-935473555.5240984,34130754818696.023,2.054847821593351e+16,7740750.806142846,19912219344.6649,0.30017694872794665,2.8492491763690334e+45,1.476354618582656e+30,3.455200736917184e+23,-4.437892105972482e+18,2.081773963958012,0.037801177706432584,9.139649167088053e-07,5.083787894901982e+35
1827424208756948.0,0.06226715207606555,0.05117205695959645,-1.4558518788882095e-07,0.9818369178112871,1132740.9165040897,1112166.850139108,4.488656109529234e+33,5.607632390480089e+33,1.1863936952872565,2.6489374027061783,2.7907714460348444e-06,8743078.918076444,4.515070416389559e+33,2.003158611667464,2.0431289814565334e-07,-2.034118607520187e-12,3.7034152280443258,7.896537810917803e-10,68568151419708.36,-804880472649866.5,16344485.72265312,-780123710.9431353,28596311250419.84,1.7661811077433658e+16,6638523.897598218,17118559857.925167,0.30148027280503253,2.7962521887353788e+45,1.234054348819034e+30,2.9401643724370744e+23,-3.050172279108403e+18,2.083059726253894,0.03834991866439886,9.188567916244667e-07,4.688920177207494e+35
1858855231104863.2,0.05672356754302979,0.04859779092184307,-1.394515625199009e-07,0.9836036901423708,1122818.9598641517,1104408.8722841982,4.4774568422707235e+33,5.584721464856037e+33,1.2158937268343712,2.704857031464118,2.906450151583869e-06,9117764.87765828,4.500858794792498e+33,2.0445487210374966,1.9064939464311761e-06,4.3232861895398044e-13,3.7934470370225832,6.709833540306443e-10,75661525858261.89,-1106294445754582.1,17263462.12417595,-1071324743.4086549,26682127135190.6,2.5273633420465824e+16,5844549.79538947,24474735761.8096,0.302642432504837,2.7435678688479842e+45,1.9417599576253857e+30,4.427762062710947e+23,-4.6045839507010355e+18,2.0791083503124894,0.036658215261398244,6.888911810842001e-07,4.3360630251504936e+35
1890826855443868.8,0.05126991649627686,0.04584237794744692,-1.3265666890301633e-07,0.9853970078976885,1113004.9664605982,1096751.7637255406,4.464899688033191e+33,5.559660822827515e+33,1.24482692374038,2.760693014781146,3.0239260932491277e-06,6898967.406627066,4.4853593509024913e+33,2.0559564445513403,1.5958932424546508e-05,-2.431588151459362e-12,3.8804332123372562,2.0554200303210927e-09,42651645380233.81,-121006718102663.47,13034983.0042867,-118360209.47740825,12905336639611.105,2910630747858607.0,3706197.7101493846,2846952087.2578506,0.3037058932209518,2.6930299041612255e+45,1.2570482292323943e+29,3.8388497151636015e+22,-2.536353330075009e+18,2.1068482853697326,0.048281134612109824,2.570781121794249e-06,4.013179500988003e+35
1923348379928827.0,0.045905340423583976,0.04287918338195321,-1.2511207294649684e-07,0.9872120984653175,1103335.0703244824,1089225.7300854109,4.4513224427989404e+33,5.533005410676861e+33,1.273168065504516,2.8163611813136455,3.1431715836966683e-06,7242926.375866671,4.4689145446536415e+33,2.0973019959506325,1.509575830466137e-05,3.5257217242189535e-12,3.9705784941909177,1.697584993258867e-09,47726035164297.72,-158027283819473.16,13852829.114637394,-154105264.55467778,11856741213654.885,4053045680263592.5,3193630.6682258677,3952435960.3792048,0.30468317742540907,2.64069629273907e+45,1.9530948926770945e+29,5.6650829982533115e+22,-2.9575200783812526e+18,2.100859473001886,0.045819705897013674,1.8682078899567456e-06,3.719619984077307e+35
1956429262639410.5,0.040577585935592644,0.039643928803820866,-1.1662312212382108e-07,0.9890588074137805,1093765.2868836538,1081798.1902357382,4.436904922667793e+33,5.505020279369111e+33,1.30111642932008,2.8722247634519333,3.2651266365619335e-06,7562883.681687711,4.451685952409739e+33,2.1372371312618363,7.865036857527784e-06,8.880458232711829e-13,4.0610841096268135,1.432014417752126e-09,52751300950246.36,-198306948297084.12,14625295.108173711,-192947982.85675165,10570409088151.227,5508513376402534.0,2730012.8948089364,5359640233.174835,0.3055924260991313,2.5890445399506122e+45,2.926774324755908e+29,8.110501426319067e+22,-2.6459051293451223e+18,2.0957809547727604,0.043712074311582624,1.3959583079136675e-06,3.449948163066618e+35
1990079124330781.5,0.03527948677062988,0.03608511836977479,-1.0701450085478936e-07,0.990926464857722,1084358.0381322617,1074519.0773664569,4.4219445385936564e+33,5.476216640404781e+33,1.3285506417783888,2.928015651081573,3.3893676714618844e-06,7880230.069878636,4.433984880539721e+33,2.1760347072433226,5.7482985371696325e-06,1.4190322228277138e-12,4.15164983025528,1.217766015686963e-09,57997154305068.28,-243341695368097.88,15396687.77054433,-236337141.21204576,9110147802154.406,7464249630695226.0,2234101.8962632585,7249381338.885988,0.30643925312558473,2.5385349959804825e+45,4.351221164142101e+29,1.15468371148277e+23,-2.673637210263126e+18,2.0911769273901317,0.04178492513765408,1.055271710533144e-06,3.2030358492998008e+35
2024307751231534.5,0.030148997850418087,0.03225438815269661,-9.639175264375747e-08,0.9927440336748545,1075458.8038130458,1067655.3109484972,4.407191200376893e+33,5.447975573269419e+33,1.3545221585498624,2.9817219633718635,3.511376610153796e-06,8711868.233744958,4.416657069337886e+33,2.217715481465144,1.4963521154246162e-06,1.1090905715584096e-13,4.239552758492317,8.16832339724546e-10,72060820603558.6,-481080253032111.44,17220513.134088702,-465870117.346926,8601934620764.669,1.6647798098900206e+16,1920234.8281556321,16121445779.60307,0.3072040471704381,2.490820916570304e+45,1.2037922131330346e+30,2.876074128727781e+23,-2.4390076606248387e+18,2.081420577954034,0.03764841520857107,5.954683822422403e-07,2.9848204704271635e+35
2059125097889810.2,0.02488916007995605,0.027868377273752642,-8.391908306757683e-08,0.9945782259960302,1066725.551181836,1060942.006319068,4.3922331419086304e+33,5.419460308850915e+33,1.3800724515241725,3.0354188893907192,3.635807511743836e-06,6952023.111284683,4.399188225714044e+33,2.229436167413148,1.1128911410271817e-05,1.441040567542789e-12,4.324633703612326,2.0179363515234775e-09,45266586856578.49,-74049693051346.75,13701311.192465086,-72316866.19953299,4057588541991.4326,3000259148185639.0,1087786.5900341219,2930029038.1829395,0.3079251893467526,2.4461742821477658e+45,1.3611195450965254e+29,4.118803451042906e+22,-1.5884742862705787e+18,2.1037106465515323,0.0469921867278362,1.716191920067725e-06,2.7837158759389034e+35
2094541290068282.0,0.01934512997627259,0.0226713839359229,-6.877934153541719e-08,0.9964085232890062,1058251.535648397,1054450.8499037423,4.377330922609644e+33,5.3911368911314e+33,1.4049569665201291,3.088554695304531,3.7614180993785367e-06,7706381.978631746,4.3818630302172645e+33,2.2711917183296477,3.96368541026471e-06,8.28190452115435e-13,4.4126956064497085,1.3386351540584074e-09,56561223686011.79,-123394112099661.03,15358084.936444065,-119872355.20010069,3360478350685.9004,6234966566040914.0,805454.4735485441,6057003862.601156,0.3086006061135034,2.4012911161235013e+45,3.5307200185895794e+29,9.585653443674556e+22,-1.5132553215591055e+18,2.092227833495904,0.042225284484920966,9.579732657104585e-07,2.600812627163244e+35
2130566627689013.5,0.012869488677680493,0.015794251728573225,-4.8270513361714696e-08,0.998255315021728,1049935.4540408715,1048103.6474260512,4.3623931781423413e+33,5.362807333969367e+33,1.4294993702921153,3.141784580888654,3.889794007163615e-06,9946222.848505035,4.3645593436758856e+33,2.3228858701605795,1.8078858323865202e-07,2.674790822004333e-14,4.501893213038767,4.83189249613917e-10,96751787254264.55,-736732873367192.2,20133903.416924216,-711987714.0529833,3081437441422.963,5.436836170195894e+16,584416.99253366,52542251866.09333,0.3092434347482157,2.3574323993522063e+45,5.262506361011157e+30,1.0950779026537968e+24,-1.3744938508856852e+18,2.069715095636551,0.032587161663171625,2.500990031605795e-07,2.4316771040779184e+35
